model,accuracy,train_time,auc
A_full_features,0.9990871204604088,7.150081396102905,0.9999946687770037
