model,accuracy,train_time,auc
A_full_features,0.9990871204604088,8.668474912643433,0.9999946687770037
