model,features,accuracy,train_time
B_top_10,10,0.9980154792617583,3.5143916606903076
B_top_15,15,0.9984520738241714,3.675981044769287
B_top_20,20,0.9986505258979956,4.44800877571106
B_top_30,30,0.9988489779718198,4.8157570362091064
