model,features,accuracy,train_time
B_top_10,10,0.9978170271879341,3.8502771854400635
B_top_15,15,0.9981742409208176,3.7376224994659424
B_top_20,20,0.9986108354832308,4.451340675354004
B_top_30,30,0.9988886683865846,4.722198963165283
