model,features,accuracy,train_time
B_top_10,10,0.9978170271879341,3.457719326019287
B_top_15,15,0.9981742409208176,3.5576775074005127
B_top_20,20,0.9986108354832308,4.325379848480225
B_top_30,30,0.9988886683865846,4.87023663520813
